{"cameraMode":{"drawMode":0,"name":"Shaded","section":"Shading Mode"},"sceneLighting":true,"audioPlay":false,"sceneViewState":{"m_AlwaysRefresh":true,"showFog":true,"showSkybox":true,"showFlares":true,"showImageEffects":true,"showParticleSystems":true,"showVisualEffectGraphs":true,"m_FxEnabled":true},"in2DMode":false,"pivot":{"x":3.451411008834839,"y":5.166787147521973,"z":155.66807556152345},"rotation":{"x":0.1156298965215683,"y":-0.060151971876621249,"z":0.007032357156276703,"w":0.9914851188659668},"size":1.6084760427474976,"orthographic":false}