{"cameraMode":{"drawMode":0,"name":"Shaded","section":"Shading Mode"},"sceneLighting":false,"audioPlay":false,"sceneViewState":{"m_AlwaysRefresh":true,"showFog":true,"showSkybox":false,"showFlares":true,"showImageEffects":true,"showParticleSystems":true,"showVisualEffectGraphs":true,"m_FxEnabled":true},"in2DMode":false,"pivot":{"x":0.00018727779388427734,"y":0.8587609529495239,"z":0.012479066848754883},"rotation":{"x":0.08287651836872101,"y":0.2781725227832794,"z":-0.024112965911626817,"w":0.956893265247345},"size":1.3002598285675049,"orthographic":false}