{"cameraMode":{"drawMode":0,"name":"Shaded","section":"Shading Mode"},"sceneLighting":false,"audioPlay":false,"sceneViewState":{"m_AlwaysRefresh":true,"showFog":true,"showSkybox":false,"showFlares":true,"showImageEffects":true,"showParticleSystems":true,"showVisualEffectGraphs":true,"m_FxEnabled":true},"in2DMode":false,"pivot":{"x":0.0007654130458831787,"y":0.6870087385177612,"z":0.009983256459236145},"rotation":{"x":0.10129831731319428,"y":0.4077146053314209,"z":-0.04556094482541084,"w":0.906371533870697},"size":1.0532305240631104,"orthographic":false}